area_c,p_ds,m_ds,p_ps,m_ps,p_imp,m_imp,pop,kfc,p_ds%,m_ds%,p_ps%,m_ps%,p_imp%,m_imp%,pop%,kfc%
4,1.4446620826357615,8.804261371534924,0.66,3.94,0.6814443786017743,0.8449910294662001,36686.78,0.0,-27.481711198246973,-15.760705591333798,-26.666666666666668,-15.631691648822269,-36.209052430890374,-34.96158501176113,5.920307100574802,0.0
8,9.38474318824057,39.624471239237955,4.29,17.26,4.1709969725513645,6.604078539872993,2877.01,0.0006951661620918939,-30.671773820737496,-9.396445151969122,-30.80645161290323,-9.110057925223785,-55.49299060096728,-48.57636076192841,-0.14057326123023217,0.0
12,6.821378390684192,20.082519597748565,3.1,8.87,0.0,1.6218661907920455,41927.01,0.0,-6.404818382082135,-5.800536594762026,-6.906906906906906,-5.738575982996822,-100.0,-28.10440056461178,3.935811526864726,-100.0
24,12.022947201675027,25.16505172265491,5.45,10.68,10.71193434191791,15.380419159589595,31273.53,0.0002877833106783916,36.39144744281518,12.87396795554973,36.59147869674185,13.617021276595736,43.91878698388535,23.870794335095226,7.267357806189382,50.0
28,76.39419404125286,120.04801920768307,30.3,38.3,76.39419404125286,120.04801920768307,91.63,0.0,38.36516424751718,20.794984660530872,43.80635975320361,27.922511690046747,38.36516424751718,35.89435774309723,1.1815371024734906,0.0
31,13.592684377868746,34.4741995090874,6.14,15.05,3.4474199509087398,5.121881069921557,10152.52,0.0008864794159479616,17.916536978011376,7.476010266416605,17.624521072796934,7.885304659498218,71.96161642626656,54.83989704183312,1.7668963788998917,-57.14285714285714
32,44.198173532431504,120.09834825368806,19.98,48.72,0.2701875101320316,1.9138281967685573,44413.6,0.0002251562584433597,0.3147842710949463,5.036721312750466,0.30120481927710197,4.3925433897578685,17.98613037447988,77.81597662820552,1.7068697982790253,150.0
36,48.48027741447595,113.8946236533312,21.89,46.84,0.6405321541136376,12.210144187791217,24979.23,0.026101685280130734,-3.851291128079036,-7.524827331244777,-3.8224956063268936,-6.319999999999994,-29.553982539603,-7.964801954971984,3.238302673615555,9214.285714285714
40,20.70016322587724,88.56955085170425,8.67,36.01,12.895183648907134,42.53148291218493,8840.51,0.0007918095223013151,-6.297010869821627,-1.0502563528892943,2.3612750885478073,0.8683473389355606,1.494272970126748,-3.985561977396764,1.1906383456056202,-41.66666666666667
44,59.71486153616481,111.96536538030902,25.48,41.83,64.69109999751188,116.94160384165609,401.91,0.03234554999875594,12.599480338526394,5.562012817368498,9.874946097455796,5.232704402515719,-1.4754547037893904,-3.528049397460465,1.497550381332392,-35.0
50,1.5762082002414897,4.172675196763324,0.7,1.9,0.0,0.018328002328389416,163683.96,0.00012829601629872592,-2.7591700748801817,-5.562448716077462,-2.7777777777777803,-5.472636815920392,0.0,46.42659855003509,2.4404046022716614,162.5
51,15.86428631863948,56.053811659192824,7.1,23.43,11.633809967002284,19.037143582367374,2836.56,0.0031728572637278957,37.771231222453835,13.929968514454727,36.80154142581887,14.79666829985301,44.95929546014706,47.45245287592355,-1.0216899757139337,-98.59154929577466
52,64.35696664163896,110.83699810504487,22.6,33.73,7.150774071293218,42.90464442775931,279.69,0.042904644427759306,5.488639733486457,6.499067317140531,7.6703191996188815,4.008633980881891,-0.3718402517072472,-0.37184025170723894,0.373228063879426,1200.0
56,14.324895620425204,60.61876561326276,5.29,22.75,26.64081197701029,60.00733714165924,11448.6,0.0,3.91830240580305,-12.831909600661179,-8.79310344827586,-13.134784268804891,16.856514191437654,11.326792337412295,1.1642826089261684,-100.0
68,41.78545366510122,78.66003957987095,18.85,33.4,0.0,0.258466723701657,11606.91,0.00025846672370165703,0.34763333456468026,2.0679261507924234,0.4262120404901537,2.2344658708294975,-100.0,-70.88884121613764,3.053266353074037,-75.0
70,19.411022519727187,42.93953466485105,8.74,18.4,3.5292768217685793,23.528512145123862,3400.13,0.0,8.983185937008285,8.313109255796999,8.977556109725695,5.868814729574221,11.685248398256432,10.679074989263118,-2.3229023927101107,0.0
72,3.671356484635373,21.2122819112266,1.63,10.73,2.0396424914640963,4.487213481221011,2451.41,0.004895141979513831,23.37960602265634,21.707795642945566,12.413793103448272,-1.559633027522935,59.93652632566564,-12.034910520883912,4.208007073566786,-25.0
76,47.638399614324996,100.615421318869,21.63,43.56,0.01427439061555883,0.2854878123111766,210166.59,0.00027121342169561774,3.971928002652784,4.321907651467534,4.04040404040404,5.753823743627105,-1.5735184169853034,-21.258814733588242,1.5986738443537443,137.5
84,52.34642866490434,83.75428586384695,11.71,22.62,0.0,26.17321433245217,382.07,0.0,6.818703960588951,18.32225669480624,-0.1705029838022129,22.4688684353005,0.0,60.22805594088343,4.01840407285399,0.0
90,7.584376185058779,15.168752370117558,3.31,6.31,7.584376185058779,10.618126659082291,659.25,0.0,-4.725066363291616,5.861037374120418,-5.428571428571427,1.121794871794862,19.093667045885475,11.154089242826448,4.95940136920872,0.0
100,22.480024390826465,59.712564788132795,10.07,24.34,15.174016463807863,41.0260445132583,7117.43,0.0033720036586239693,2.4464195820382053,6.570455715151347,2.545824847250509,5.826086956521738,9.950619816422497,10.510742759174496,-1.77408714901227,-96.19651347068145
104,33.323200295598625,64.36789116927598,14.3,26.69,0.01898757851601061,0.03797515703202122,52666.01,0.0006265900910283501,3.9819105748230506,8.483310728092837,3.9244186046511698,8.18808269152817,1.898757851601061,-1.4689929994696829,1.4908941298669331,-49.23076923076923
108,0.4350296298680903,2.2621540753140694,0.2,0.99,0.0,0.08700592597361806,11493.47,0.0,-5.134567715407106,-14.9482331241581,-9.090909090909086,-13.913043478260864,0.0,-5.134567715407097,5.412474904455789,0.0
112,28.260329201893235,79.31457356297773,12.73,33.68,1.1345387635796556,5.982113480692728,9695.57,0.001650238201570408,4.715413942057916,3.493898488236518,4.77366255144033,3.886489821098081,-54.10738701626963,-6.330619833793739,-0.1291703534467664,1500.0
116,2.4336608999303597,14.102752907288751,1.07,5.71,0.9360234230501384,1.8720468461002768,16025.24,0.0006864171769034349,31.120446289082416,6.449077787519647,32.098765432098766,6.13382899628253,1362.4972855320732,1362.4972855320732,2.564292928193909,-81.66666666666667
120,3.230083643215329,12.322170935228847,1.46,5.59,0.0797551516843291,0.19938787921082277,25076.75,0.0,-9.893472685913064,-10.648697855382142,-9.316770186335411,-10.560000000000002,7.97551516843291,18.19529045829303,5.7571748547020976,0.0
124,40.4209503108525,97.9607266050587,18.5,38.88,5.022242323192094,20.034966687142656,37035.25,0.017388839011482304,4.044419221630869,2.6910780572883968,4.108047270680926,2.9661016949152663,-12.381208306344258,-3.6573408115676593,2.552284420825107,-87.79609626681827
132,24.50980392156863,42.016806722689076,11.33,17.93,22.759103641456583,31.51260504201681,571.2,0.0,14.050245098039223,11.72268907563025,13.86934673366835,12.062499999999998,15.531417112299462,17.308823529411775,2.2940955246333314,0.0
140,2.3553519484648993,35.33027922697349,1.1,15.58,1.1776759742324496,1.3739553032711913,5094.78,0.0,28.345221318028774,3.7521250175681766,34.14634146341465,3.5215946843853776,92.51783197704316,68.45310297991277,3.8864805125423505,0.0
144,9.082184969817954,10.379639965506232,4.1,4.67,0.0,0.09267535683487707,21580.71,0.001807169458280103,6.917727059881789,5.8994629926448265,7.329842931937168,6.136363636363626,0.0,98.56149311120902,0.7244641779487774,-93.21739130434783
148,0.4485968850714006,47.93578143334395,0.18,19.69,0.06408526929591438,0.06408526929591438,15604.21,0.0,-6.483058097782589,7.45110989686424,-10.000000000000009,7.654455986878088,-6.483058097782572,-6.483058097782572,6.932495830072538,0.0
152,39.569124319237275,92.07842172665755,18.1,39.17,8.555486339294546,34.00805819869582,18701.45,0.0035826099045795914,-2.7767261013357936,-1.3545539636097212,-2.9490616621983765,-1.335012594458441,8.955203029184412,20.351789334291855,3.4150304027675458,39.58333333333333
159,14.26916806505664,62.51862583667017,6.48,25.58,1.0870103846415577,4.285236494120275,1448928.2,0.0040788770623692745,8.586473034553011,0.15351466486050294,9.090909090909092,0.431880643894776,-7.630099237737843,2.6585383494693158,1.072963249046973,15872.972972972973
170,34.86416369840997,61.10360704069407,15.74,26.22,1.8264113695325361,4.7486695607845935,49276.96,0.0016031833132563373,6.575049148518937,4.605246037951631,6.495263870094729,4.5454545454545485,8.730743536127234,44.974324714836285,3.4665967888101363,1216.6666666666665
174,15.457742396722958,21.898468395357526,6.99,9.88,19.322177995903697,23.186613595084438,776.31,0.0,-11.268991471487906,-9.215032940735297,-11.406844106463872,-10.50724637681158,20.156574049026794,8.140916644124133,4.03092880211194,0.0
178,21.686950704458322,38.962996180891224,9.85,17.49,20.76801211528636,27.568157675158883,5441.06,0.0,52.00852655797097,21.0143999107606,51.07361963190185,21.374045801526705,58.41167735266119,32.399140363581104,4.901654578335101,0.0
180,1.5960986297091369,3.7204025613364053,0.73,1.71,1.469788666206975,1.8142703848492348,87087.35,0.0,21.46904261109545,3.752063891826576,21.666666666666668,3.012048192771087,24.673261960548817,16.328988522244355,6.946213836552145,0.0
188,27.376987063381694,52.77013448448935,12.08,21.61,2.9757594634110536,8.92727839023316,5040.73,0.008530510461778355,3.347081241095534,5.2253504244744775,3.1596925704525978,4.9538610976202015,-13.436907656115629,0.33449339859324156,1.9317722235703259,0.0
191,17.546052378571705,84.12490866438489,8.06,32.1,6.249278929354306,47.83101949775026,4160.48,0.0019228550551859402,85.27534683498061,19.235766097716677,85.71428571428574,19.955156950672645,9.980799491084369,9.203388434390632,-1.4979579757324755,-70.37037037037037
192,28.689363925905525,61.96902607995593,12.86,27.41,25.070090322945134,36.281010995529755,11328.24,0.0,17.89675816712309,8.80082252153576,18.089990817263534,9.072821329088745,16.059271487243638,7.441146089140585,-0.12140705218916607,0.0
196,27.895604801325863,86.9686502629571,11.37,29.68,12.306884471173174,29.53652273081562,1218.83,0.021331933083366835,1.2593547860976557,-0.7828506885799535,2.3402340234023384,2.450811183983434,5.30121978806372,14.132934996094889,1.7489230974721857,333.33333333333337
203,24.016122127201914,86.09732319909935,10.23,33.73,11.58089683604203,55.91105111826848,10534.59,0.0,5.787400479125359,6.886476266227162,5.900621118012425,6.841938549255612,-1.6782792563324889,8.59937687124947,0.06649195114931337,0.0
204,9.5471949671208,15.074518369138106,4.5,6.91,9.79843693993977,9.965931588485748,11940.68,0.0,-36.763424055660245,-27.150093219757682,-35.98862019914652,-27.032734952481523,-14.471950528157373,-14.338025220704885,6.04436202939944,0.0
208,26.878503959810566,79.42164395866607,12.57,33.85,24.45076811827929,74.39276257263698,5766.69,0.001734097029665198,2.261239405389685,1.3978082867903936,3.5420098846787456,2.950121654501213,18.251788596172332,5.347166505032027,1.0483873793995284,-41.17647058823529
212,70.60152499293984,84.72182999152781,21.21,29.53,56.481219994351875,70.60152499293984,70.82,0.014120304998587971,23.693871787630606,-1.0449025698955112,0.28368794326242214,-0.6393001345894944,-1.0449025698955154,-1.0449025698955081,1.0559360730593534,-99.19354838709677
214,34.74050975660278,53.03965527010747,15.58,22.5,2.8795609691301776,9.010239161471846,10765.53,0.002508004715048864,-1.6844507772812065,-3.3945078849427963,-1.7654476670870074,-3.7227214377406974,-39.370325473989666,-1.1915586521673092,2.2601564080668086,-82.6923076923077
218,19.452657462209835,48.837336408146136,8.78,19.92,0.0,0.17630807367561782,17015.67,0.008404018178537784,-5.665628742597167,-1.4889203842170433,-5.591397849462379,-2.016724053123446,0.0,44.92153409181067,3.5042866058621716,2283.333333333333
222,25.651892663558698,38.557503258268355,11.65,16.61,3.1865705172122607,12.268296491267204,6276.34,0.0011152996810242911,7.609001082214947,11.575953560573572,7.870370370370367,11.178045515394913,24.48556802212756,27.805183169384286,0.413246279103624,-96.65071770334929
231,0.6298960923406075,6.487929751108257,0.28,2.91,0.0,0.0,111129.44,0.0,-7.883619268165523,-8.915322732362071,-9.677419354838701,-8.49056603773585,0.0,0.0,5.5428160006108715,-100.0
233,21.933971183299928,71.09632038724804,9.47,26.34,22.69031501720682,58.99481904473774,1322.15,0.0,3.0841810687138422,0.5997643948293712,4.410143329658218,4.898446833930707,29.821157567795538,19.4354649623719,0.472669518895384,0.0
242,44.613710554951034,60.93579978237214,18.64,25.11,5.44069640914037,15.233949945593036,919.0,0.0,127.62162979083543,86.53870148712367,124.57831325301203,83.95604395604394,149.82861806311206,55.44891790593639,0.06859980182279424,0.0
246,21.031790639402697,79.41314051774467,9.02,32.59,3.263553719907315,17.58692837950053,5515.46,0.0,5.067560506780453,4.902086066327129,4.519119351100797,5.0273928456332655,12.087160454431725,7.382267299554333,0.36832010365371687,-100.0
250,28.65685685308818,90.4977938731889,12.44,37.69,8.292130674644952,24.751932276473017,64277.81,0.0037960222975860565,4.012069391177106,0.956978581686262,3.6666666666666625,-0.26462026991267906,8.508753215065786,4.407337841632192,0.45084085906835386,1933.3333333333333
258,57.12173650078962,117.60357514868453,20.86,41.64,57.12173650078962,114.24347300157925,297.61,0.0,4.796965827761157,7.8792295285776675,1.3113161728994638,0.3857280617164988,-1.3675615738718485,4.796965827761157,1.3865231314301265,0.0
262,2.837684449489217,14.188422247446084,1.36,6.49,2.837684449489217,3.7835792659856224,1057.2,0.0,45.18444948921681,3.703178206583434,58.13953488372094,8.52842809364548,45.18444948921681,93.57926598562241,3.3168500674315475,0.0
266,38.320993061163044,67.5179401553825,17.64,31.25,36.49618386777433,49.26984822149534,2192.01,0.0,5.191630176485476,0.6118585225432348,5.187835420393566,0.5793369810106203,5.74819964831873,1.7695545130354269,5.071397414450136,0.0
268,16.435509182678032,36.317173516562754,7.44,14.81,13.519531747041608,22.267464053950885,3772.32,0.0013254442889256478,-4.645979947863139,2.9744783609360614,-4.370179948586117,2.3496890117484437,-5.585849321136892,3.6704399611046012,0.032086043631716826,0.0
270,9.407260769268524,14.315396822799928,4.29,6.16,8.99824943147424,10.22528344485709,2444.92,0.0,28.22705133621597,18.470645256286506,29.216867469879524,18.234165067178505,39.0055571007095,24.705942375038422,5.511369275982757,0.0
276,20.097301822629852,83.27231361441409,8.51,33.17,10.507052753607804,32.655099660179474,82896.7,0.0020869347030702066,2.7088390580821744,-0.21935924086676026,1.5513126491646658,-1.2797619047619038,5.882567101522711,2.812264828454816,0.6865908543785578,0.0
288,8.746174358549094,14.836103171168462,3.95,6.94,6.640613864824312,7.418051585584231,30870.64,0.0005506850522049429,67.84874080835552,27.834006982992438,68.08510638297872,29.962546816479414,102.32855087131665,79.70108358674759,4.453971164940466,112.5
296,24.537870112874202,40.89645018812367,9.93,16.03,16.358580075249467,24.537870112874202,122.26,0.0,45.3991493538361,21.16595779486342,22.896039603960393,8.237677245104663,93.86553247178145,45.3991493538361,3.1642899333389587,0.0
300,27.743111949569606,80.59609132468186,12.52,31.71,7.711644677507484,46.175823617758226,10633.27,0.000752355578293413,68.49222612924655,14.450069584753713,84.6607669616519,22.66924564796905,7.659967864401686,4.281113062344601,-1.0834680652741309,14.285714285714285
308,65.65988181221273,90.28233749179252,20.05,30.39,65.65988181221273,82.07485226526592,121.84,0.032829940906106365,12.531657443016595,8.311720288903492,8.436992969172538,12.057522123893802,12.531657443016595,9.405778069599458,1.5587230140868589,-33.33333333333333
320,20.830638010988608,37.3289780880679,8.83,15.42,7.833744209260672,11.394537031651888,16850.18,0.00041542582927897505,-3.866310527757673,-3.777471197355354,-4.021739130434774,-4.044803982576231,-1.0701341759181298,4.285619540809497,3.4324473635749815,-90.41095890410958
324,2.3098624755672303,12.66441840052378,1.07,5.58,3.424968498254859,3.584269358638806,12554.86,0.0,10.235784389471474,5.66367083389177,11.458333333333345,6.285714285714287,31.816983558044328,29.58752083401821,5.228987703451271,0.0
328,53.46844725083067,62.379855125969115,24.44,27.88,1.2730582678769207,5.092233071507683,785.51,0.006365291339384604,22.992010980706233,18.379810568929734,23.49671551288531,20.849588209796266,-3.3634199437308334,-3.3634199437308334,3.4804832101595276,-88.88888888888889
332,10.170334949084761,20.79470270839652,4.64,8.91,9.353075890676164,11.623239941811155,11012.42,0.0,1.834993546029684,0.8105545757258241,2.428256070640164,1.1350737797956827,2.2525021748171614,3.774707708811197,2.7867666618442457,0.0
340,22.567485461331483,35.12766967736665,10.2,15.29,1.5317297824433131,6.8417263615801325,9792.85,0.0015317297824433132,5.696270521071736,3.209893566344845,5.919003115264782,3.3108108108108,-9.428817964126889,7.880341269395523,3.5097454760696887,87.5
348,31.504568162383546,91.34279015911852,12.12,34.27,6.239541097095443,37.2326714646351,9776.36,0.005932678420189109,19.390149409502207,14.50046228489964,6.972639011473955,10.619754680439002,49.37004834658898,19.036610323302906,-0.3946979653798716,-89.87783595113437
352,28.33262501770789,84.99787505312368,13.4,38.42,5.666525003541578,11.333050007083155,352.95,0.022666100014166312,5.6743951771576056,1.9003096351162687,8.589951377633716,2.7822364901016563,90.21391131888369,-4.893044340558155,5.144780743565295,0.0
356,2.9904967870384476,4.88968868891924,1.35,2.19,0.0,0.0014609168476006095,1369003.31,0.0002775742010441158,15.365639013916624,11.88914479101283,15.3846153846154,12.307692307692307,0.0,95.56363819164177,2.268500345657729,850.0
360,7.9193658037066665,11.959552896945198,3.57,5.26,0.0,0.8537188667825627,267066.84,0.0025723897433316692,4.20539503449424,-2.228814274598141,4.385964912280699,-1.8656716417910546,-100.0,28.4749649059828,1.9922308245119529,68700.0
364,25.625584284345408,36.616320296911056,11.56,16.26,0.03503954095398187,2.2658903150241607,85617.56,0.0,-5.1212969655082725,-5.4442777306838055,-5.090311986863705,-5.793742757821552,-2.699598073105582,28.410054243656585,2.774498377852415,0.0
368,16.48694271476756,21.886847297304673,7.45,9.98,13.384869869480285,16.40077402462069,34815.43,0.00022978317372498343,6.465811838465115,7.465650555501595,6.5808297567954215,7.659115426105727,4.04457447550171,8.225479803127152,4.891091161178083,-27.27272727272727
372,26.06262061718768,78.60155424231205,12.8,35.09,21.718850514323066,65.5702439337182,4834.51,0.007860155424231205,-9.628054646818029,50.67822092697265,-7.913669064748198,-2.7439024390243762,-2.4556780314861304,8.496666891294367,2.5174997190290545,11.76470588235294
376,76.3911225474429,111.03910847066392,35.1,49.2,0.0,15.845836565568653,8456.48,0.0,4.752257609380185,2.4852032130352457,14.146341463414638,8.970099667774097,0.0,4.263176610355084,3.6459080207034837,-100.0
380,19.55661757694009,77.64194288231809,8.9,31.27,1.5865744404861732,29.660591645299405,59877.43,0.0005010235075219495,1.5299703073884148,2.542338238647083,1.9473081328751423,2.1895424836601247,10.91009506400613,2.421259891145676,-0.4012067473926088,7.142857142857142
384,2.039696414723627,11.139880418875194,0.92,5.28,0.03922493105237744,0.9021734142046812,25493.99,0.0,-1.2231321970393663,2.1730421621533207,-2.1276595744680753,0.3802281368821381,3.922493105237744,-8.979649059771857,5.287809092568574,0.0
388,58.32479799704108,68.28269033799931,26.15,29.76,12.091726414020712,17.42631159667691,2811.84,0.012803004438374871,8.97794089753802,8.121975260062527,8.912952936276538,8.218181818181824,-0.3250540571298564,6.175485895666033,0.3261141042566214,157.14285714285714
392,19.72185530858882,52.18767254148263,8.95,21.68,8.98176061041756,27.689801670211452,126255.87,0.009021362729511111,5.410544276060009,6.261247081271275,5.791962174940879,6.535626535626527,11.498382161572044,12.274418797401005,-0.5811225834067925,429.7674418604651
398,18.28666368182284,66.94321424525707,8.32,27.92,10.518877339101634,14.51065643188892,18538.1,0.0028050339570937694,7.336481722408543,4.510902063349934,7.3548387096774235,3.2926378098409197,13.871886178931636,12.107533263557874,2.5419627127175537,-21.21212121212121
400,25.62173334850242,38.14578957482263,11.57,16.9,6.118622889194608,13.288884087469539,10459.87,0.002581294031378975,2.9483312211645694,5.002713686367975,2.661934338952979,4.968944099378864,-15.319448945775077,-11.720525525970523,4.96966278829384,1250.0
404,2.6624867626363025,16.495406709867016,1.2,7.29,0.020018697463430844,0.04003739492686169,49953.3,0.0004203926467320477,218.79731218958506,2.736288801673147,215.78947368421052,3.6984352773826425,2.0018697463430843,-4.121109115914267,4.298244460187334,-16.0
408,1.560174973623292,13.963566013928462,0.69,6.32,0.0,0.31203499472465834,25638.15,0.0,-15.718650825413466,-4.181217485703189,-16.867469879518072,-4.531722054380662,-100.0,-0.9694147198608425,0.9789043628476407,0.0
410,19.71867507532379,78.87470030129516,8.94,31.25,3.2896710135476392,31.871106819488013,51676.9,0.0,1.992421748121185,8.007987589149966,2.405498281786931,7.425232038501203,26.911995422337675,19.191388738031595,0.7151045469127024,0.0
414,46.55806207278346,69.72127703436726,21.05,31.1,34.28155814314404,50.26417646663686,4317.19,0.015056089725029477,1.3286158581795655,1.1605750358608473,1.7399710004833222,2.1681997371879107,2.7961723730962573,3.2862487882375677,6.647579475752749,6500.0
417,5.945217233417263,35.02857721310711,2.72,14.77,4.659764858624341,4.981127952322572,6223.49,0.0006427261873964608,32.518892132870796,-10.292559046109565,42.408376963350804,6.488824801730356,47.59927815083618,42.75201121649017,3.409434557931635,300.0
418,5.489084462935309,26.03796476007775,2.47,10.95,0.7037287772993986,0.9852202882191581,7105.01,0.0,5.075714179149639,1.37682984689797,6.465517241379326,1.2950971322849103,21.24120866824959,-24.561025717533585,3.1002588748810185,0.0
422,23.862177440495795,41.506745266214516,10.77,18.07,1.8484785341229137,10.082610186124985,5950.84,0.0038650005713479103,9.01043866615751,13.936379850015559,9.00809716599189,13.79093198992443,-22.873835178451,10.70741361944833,-4.917697511592008,-96.53092006033182
426,8.64414336539249,20.927926042529187,3.82,9.31,7.734233537456438,15.468467074912876,2198.02,0.0031846843977761806,15.824497729774981,9.431104401944017,12.352941176470585,13.814180929095365,18.43708038533382,14.353043130667134,2.5258061356332284,133.33333333333331
428,21.181734112407845,72.84450024023187,9.43,28.18,24.281500080077286,57.862298063162896,1935.63,0.0005166276612782401,4.504321590386591,8.088093484280286,3.0601092896174795,7.516215185043872,36.91158508008836,17.72174018731001,-1.9179317753410172,-50.0
430,11.248846993183198,19.020777643018864,5.21,8.71,8.180979631405963,10.839798011612901,4889.39,0.0,-3.748729391601007,-5.775071930725192,-1.8832391713747578,-3.4368070953436662,-6.0963213576595106,-12.046252719911259,3.89473236862795,0.0
434,38.59340917195525,49.86268465016618,17.44,22.48,18.833583675914163,20.377320042792373,6477.79,0.0,24.975007783534682,18.20655000349962,25.287356321839088,18.565400843881854,79.26718086186054,68.43999996425032,3.1133997644137428,0.0
440,28.85822268117227,85.53159975383588,12.89,38.13,15.646024345213881,49.719588474790775,2876.13,0.0010430682896809254,5.825627666343308,5.874045675036168,5.310457516339872,6.687185226636823,17.693005745701555,16.688692096671566,-1.961365797789116,200.0
442,19.73976410981889,85.53897780921518,8.95,36.15,19.73976410981889,67.4441940418812,607.91,0.0,4.6835581223895435,-2.1585044999888696,0.5617977528089768,-0.7413509060955604,-4.040071721142923,-1.6410735141715076,4.210165423845023,-100.0
450,3.128894822200552,6.332287140167783,1.42,2.79,0.0,0.0,26846.54,0.0,-5.00846664039388,-7.192180050959547,-4.697986577181212,-6.999999999999999,0.0,0.0,5.2725400498942525,0.0
454,10.398587098783311,30.542446923651504,4.69,11.24,0.0,0.05444286439153566,18367.88,0.00010888572878307131,120.72421411990828,58.21732887596638,120.18779342723008,37.91411042944785,0.0,-5.238819068939915,5.528444261106482,0.0
458,51.8221552522634,68.7669814782864,23.32,29.93,2.2222722919374416,11.203956138517936,32399.27,0.022006668668769387,-8.369768267635335,-5.699141356386344,-8.47723704866562,-6.057752667922159,-4.027000506873421,-1.6098532355168105,2.7686302472656337,0.0
462,26.54361319830121,42.8781443972558,7.02,11.9,26.54361319830121,42.8781443972558,489.76,0.004083632799738648,0.4786357944026951,-2.613014537732752,-6.772908366533874,-7.608695652173917,0.4786357944026951,-2.613014537732752,7.817281232801319,0.0
466,2.257415610279769,22.172837772081287,1.03,10.07,0.0,0.10032958267910085,19934.3,0.0,-24.61799959294856,-3.5733708488197617,-23.134328358208958,-3.3589251439539316,-100.0,-37.46085892155732,6.5999077010776865,0.0
470,28.479017067068085,87.47126670599484,10.93,30.94,18.307939543115197,63.060680648507905,491.59,0.0061026465143717325,2.4587406328287984,-0.21875258928344588,-1.7086330935251755,1.3097576948264642,-4.859740840944702,1.7016563424384419,5.10797519777635,0.0
478,5.38552137700757,32.07897515869727,2.39,14.57,6.7904399970965015,7.0245931004446565,4270.71,0.0,-0.8111808532581659,-1.529940412292518,-0.4166666666666578,-1.7532029669588656,19.62659095580585,23.751645816350873,5.400442756343341,0.0
480,40.14266084083435,56.35412002655591,17.73,24.42,2.315922740817366,16.211459185721566,1295.38,0.016211459185721564,-0.11348021430005115,2.700224568395723,2.5448235974551836,5.394907207596029,49.829779678549926,16.534273083316624,0.1136091381935395,950.0
484,35.11704256282322,70.89530154129547,15.92,30.7,7.926533372963313,17.723825385323867,124013.86,0.003136746166920375,4.953163328604984,5.024280689540693,4.943968358602505,4.8855483430133235,0.8613772551278391,6.2024376844554014,2.0528769029294294,3790.0
496,3.7926794964585855,108.09136564906969,1.75,42.24,3.7926794964585855,5.372962619982996,3163.99,0.003792679496458586,43.62640210620133,12.53202639248765,41.12903225806452,5.573606598350422,43.62640210620133,62.776589053694856,4.437622749253176,-45.45454545454545
498,24.225539775308118,55.26451261242165,11.02,23.02,7.191957120794598,10.220149592708113,2641.84,0.0,-5.689281496446206,-3.4599816600240523,-5.326460481099664,-5.07216494845361,15.287918758939846,26.59606390036695,-3.056012212306238,0.0
499,17.419947423431413,87.09973711715706,7.67,35.06,14.252684255534792,80.76521078136382,631.46,0.0,10.313559053621765,2.14218430890904,8.028169014084511,3.208713570797773,28.937926166570893,11.185602998709681,-0.2842434387139492,0.0
504,20.31869172119081,34.29127150754394,9.26,15.41,0.1113352971024154,0.4175073641340577,35927.51,0.0004731750126852654,0.1873024038894945,-0.09356144846995791,0.2164502164502118,-0.06485084306095841,30.2892407517248,12.750304496684919,2.336411329166674,1700.0
508,4.282236061321621,8.802374126049997,1.93,3.69,0.8496500121669882,1.3254540189805015,29423.88,0.0004758040068135134,12.955150714317776,-0.896395545364839,12.865497076023392,-0.539083557951483,-9.491065132758205,7.971835241627259,6.2368552838283815,-57.57575757575758
512,21.73364977527406,46.51001051908649,9.84,20.51,26.080379730328875,36.72986812021316,4601.16,0.007606777421345922,-10.667184049402254,-4.858473505265702,1.443298969072171,1.6352824578790974,-1.1178140684762747,0.33573359221483595,4.617707312525725,-5.405405405405405
516,9.976389212197798,32.42326493964285,4.53,14.67,10.807754979880949,12.886169399088823,2405.68,0.008729340560673074,-17.219129013715158,9.17477188046262,-15.95547309833023,8.586232420429313,9.174771880462627,-11.943877431255837,3.5435900746766493,-44.73684210526316
524,2.1398470746010325,13.751148413829586,0.96,6.69,0.0,0.0,28506.71,0.0002455562216755283,8.397610757097345,4.67851329942753,6.66666666666666,4.531250000000001,0.0,0.0,2.3169146759345187,250.0
528,13.536935006513927,61.610409324518514,4.65,26.54,33.842337516284815,93.25444115598484,17286.04,0.0035867092752301854,-49.2749717968495,-17.3159819293252,-51.86335403726707,-19.575757575757578,14.532301822330918,11.129896320116476,0.9432678657666846,-42.592592592592595
540,35.10249929795001,87.75624824487504,15.75,34.38,31.592249368155013,66.69474866610503,284.88,0.0,-9.451507492788046,3.7534809978470465,-4.948702474351239,2.4739195230998674,-10.356992417860141,-5.376825329963483,0.39823788546255345,0.0
548,16.818028927009756,40.36326942482341,7.87,17.45,13.454423141607803,20.181634712411704,297.3,0.0,19.080053817692573,3.9244106045316847,23.161189358372464,8.587429993777217,27.01872407220539,42.89606458123106,4.971400324835811,0.0
554,43.194937305338605,105.81726268102089,11.33,35.36,0.20667434117386893,20.254085435039155,4838.53,0.020667434117386894,5.0194911126588675,-8.014255572435758,-5.583333333333332,-13.05630686009344,-3.5227641453085976,-2.528153466394251,3.651394149200524,-64.28571428571429
558,20.084507085114186,27.235808850268477,9.1,11.65,1.0650874969378734,4.564660701162315,6572.23,0.0,-2.7844430277090013,-1.1273596702267845,-2.4651661307609904,-1.354784081287046,-2.7844430277090164,0.5678175575424024,2.86419490298518,-100.0
562,1.0630259210012287,8.681378354843368,0.49,4.02,0.08858549341676905,0.3543419736670762,22577.06,0.0,1.0925087838556777,-1.2882930534452772,0.0,-1.711491442542794,-53.66593347406615,48.26901288298831,7.91196143341806,0.0
566,1.4012971172293915,7.636565225188951,0.63,3.42,0.09073146802204694,0.1108940164713907,198387.62,0.00010585337935905477,10.157677135633095,-1.2496698573572262,10.526315789473696,-1.1560693641618507,1611.802752611277,597.4011214342238,5.152301995903576,16.666666666666664
578,20.894825612914886,71.15535208722366,9.45,28.83,0.3764833443768448,4.141316788145293,5312.32,0.0,1.312624866975898,-0.9012220248844185,1.286173633440506,3.7050359712230128,-1.4255541834829246,-34.283702788988606,1.4461701221596412,-100.0
586,6.335004888694146,19.12789191607866,2.86,8.93,0.004551009259119358,0.013653027777358074,219731.48,0.0003731827592477873,15.219838607975767,19.423393594093252,15.322580645161285,19.54484605087015,-51.41232380540103,-27.118485708101538,2.906753144037019,30.158730158730158
591,54.73847971075035,87.62958374747315,24.48,38.1,5.041702078621743,13.204457824961708,4165.26,0.010563566259969365,19.132827242477056,8.897067353642294,62.982689747004,30.927835051546392,12.775593040210367,2.2416090749160045,3.4502799068136336,-91.58699808795411
598,2.8941295262309965,59.91920019122693,1.34,29.31,2.250989631512997,5.252309140196994,9329.23,0.0,-0.9409590155803926,-3.4001542091012764,0.0,-3.1714568880079312,0.15969699535758425,-13.442237164505775,4.832585510783584,0.0
600,10.708748426667578,44.2317869797139,4.86,18.45,0.15519925256039968,2.948785798647594,6443.33,0.000465597757681199,3.2425493315747267,30.133239869866056,3.8461538461538596,28.840782122905022,-2.74252599199482,269.5784012304197,2.8198614244999702,0.0
604,51.2670188802985,65.33362066877531,18.2,22.76,2.1736470754820685,2.8257411981266887,32203.94,0.003974668938024353,9.771995877316343,7.61995972933516,9.969788519637452,7.816200852676467,32.68956117377771,31.30325232569346,3.440617895350174,-44.34782608695652
608,15.013515848562074,38.99829822258394,6.76,16.26,2.5974303492604323,5.996195593505466,108568.84,0.003048756899309231,8.141931886485343,3.151502033644662,7.987220447284344,3.172588832487321,10.73423137596834,16.670247094934325,3.5218693596688637,6520.0
616,32.37156639442015,90.46905283444605,13.46,40.63,1.9988858158543317,23.62319600555119,38521.46,0.006853322797214852,-6.635871468405644,0.5469713127397432,-10.086840347361388,1.195516811955178,97.490482394715,17.603564216725985,-0.027639285780097313,200.0
620,31.681767337264077,97.96080207350364,14.64,40.4,8.260583508182352,38.67896748537148,10289.83,0.0026239500555402763,1.3497775399738108,4.029237165980967,4.646175839885635,5.925537493445197,4.09090761484292,9.196748984828465,-0.41537828748397154,575.0
624,3.116964076989013,16.623808410608067,1.46,6.85,2.0779760513260084,2.0779760513260084,1924.95,0.0,-4.696225875996771,-1.621910581674094,1.3888888888888902,-1.8624641833811,27.071698832004294,-4.696225875996778,4.927638930527928,0.0
626,7.9248722114355905,21.397154970876095,3.69,8.83,7.1323849902920315,9.50984665372271,1261.85,0.0,7.827572391506302,4.808400364544124,16.0377358490566,4.620853080568727,9.175417046400133,29.393086869807572,3.0451754099431603,0.0
642,19.381050840576577,65.23253690815116,8.81,26.11,7.191389917161309,29.17358179160474,19606.78,0.0038762101681153152,-10.97388492979495,-5.594881297446401,-10.920121334681497,-5.842048323115763,3.9225132334120483,24.477008850316402,-0.964954727338671,153.33333333333334
643,31.492810720655335,76.66202845145791,14.12,32.17,1.5447748881943428,5.787756581101471,145652.29,0.0,4.598198894788064,3.1274919114411643,4.515173945225754,3.1089743589743666,0.9734173040427924,-25.079705997492752,0.3742906374759558,0.0
646,1.5161417225444689,8.538271805908325,0.67,3.9,0.0,0.0,12531.81,0.0,0.49408487503224946,-4.795077486811559,-1.4705882352941189,-3.4653465346534684,0.0,0.0,5.036585672497464,0.0
659,83.75209380234506,104.69011725293133,24.59,38.69,62.814070351758794,104.69011725293133,47.76,0.0,0.06281407035176179,-16.614321608040196,-10.90579710144928,-8.94328077194635,-24.952889447236178,-16.614321608040196,-0.06277463904582786,0.0
662,61.83596604643319,101.18612625779977,28.63,41.57,56.214514587666535,67.45741750519984,177.89,0.0,-9.095976914572676,-0.8319748158974637,-2.949152542372885,-1.7954169619655045,-0.8319748158974707,-14.998835556483547,0.8389547077829996,0.0
670,85.48632218844985,113.98176291793312,36.49,47.0,75.98784194528875,104.48328267477204,105.28,0.0,0.6458966565349614,0.6458966565349531,0.3851444291609369,-0.021272069772384623,0.6458966565349468,0.6458966565349553,-0.641751604379004,0.0
678,9.463423866754992,18.926847733509984,5.31,7.84,9.463423866754992,14.195135800132489,211.34,0.0,-3.1749787072962965,29.100028390271603,21.51029748283752,15.634218289085538,-3.1749787072962965,-3.1749787072962907,3.279089087621565,0.0
682,33.69683075595413,44.71969234222387,15.26,19.94,18.304803825903896,24.0732443451435,35018.13,0.0062824599714490755,-22.128465097837672,-18.116969116455603,-22.340966921119588,-18.711781492050548,-34.789097340784906,-30.592059291346995,4.793652912189184,0.0
686,6.292171190716351,17.335573688708312,2.85,7.7,0.0,0.5136466278135796,15574.91,0.0,11.82901495889825,5.670780284571998,11.764705882352953,6.353591160220994,0.0,8.242661709487507,5.582875070501969,0.0
688,13.990115445356492,72.50646370237644,6.3,28.98,2.2868457939525038,9.147383175810015,7433.82,0.0010761627265658841,29.422212550043636,9.759991797248553,29.629629629629616,9.441087613293051,114.19998399207947,85.25404020936601,-0.7936433796102947,0.0
690,38.797284190106694,87.29388942774005,17.0,29.07,29.09796314258002,77.59456838021339,103.1,0.0,-2.5121241513094006,-2.5121241513094086,12.65738899933731,-0.9877384196185257,-2.5121241513094006,-2.5121241513094006,2.5768580240771954,0.0
694,3.816172429935074,8.013962102863657,1.71,3.64,2.2897034579610445,3.3073494392770644,7861.28,0.0,2.135902622909821,1.7896792241881079,1.1834319526627228,2.5352112676056424,7.242697754055319,18.0237096975847,4.9022472914673365,0.0
703,15.054849222013127,58.75063111029513,6.43,22.52,16.15642355533116,61.13737549915087,5446.75,0.0007343828888786891,3.501135562781897,1.6198814287372298,1.5797788309636593,1.578709968425791,48.72672476900778,8.868627479012527,0.28630873471792945,-42.857142857142854
704,11.273324059707317,44.07132200164085,5.07,17.94,1.7068023342734442,2.465381149506086,94914.33,0.0,17.039637820073054,6.464573035680066,17.633410672853845,7.104477611940306,101.20073264150118,62.83148339071845,1.919753694248033,0.0
705,24.217444157422886,69.80322139492479,10.91,28.76,10.921592463151496,50.80914754596566,2105.92,0.0004748518462239781,-0.755014435496125,-4.646974653711956,0.2757352941176412,-4.069379586390923,8.696888951599485,9.47642737527747,0.7607582702557913,-50.0
710,37.60051510612902,63.5337089664323,16.99,27.93,8.981570166816534,10.13260634353477,57339.64,0.015922667111268923,2.736388157728351,0.07582583488174467,2.6586102719033096,0.03581661891116766,-0.6351809850848025,-0.05163445478469863,1.6259005530972128,566.4233576642335
716,4.384746927023195,50.09241186326499,1.98,21.43,0.2657422380014058,0.33217779750175724,15052.18,0.0003986133570021087,-15.504757450415832,-8.00881817837231,-15.021459227467815,-7.827956989247313,-51.991339460463536,-51.991339460463536,4.147875483473673,0.0
724,33.61682884524804,107.68925654876342,15.22,42.63,4.167375476683641,12.416641804888181,46792.04,0.0030347041932773182,10.3309070840708,9.727631663073408,10.530137981118381,8.611464968152873,-2.1859726827922428,-1.0218579890315582,0.6858128491788432,2740.0
729,1.6190838556862939,23.190995227036034,0.73,9.5,0.02381005670126903,0.04762011340253806,41999.06,0.0,18.064704128916038,-7.289770403635888,19.672131147540984,-7.587548638132289,-53.12136747822451,-53.12136747822451,6.658401302074273,0.0
740,45.47598194435087,57.26605133733073,20.3,24.96,37.054503806508116,43.791686316782325,593.72,0.010105773765411304,-8.820656201576508,-7.507373471969575,38.18924438393466,28.131416837782343,-10.227744840441066,-9.061871396810421,2.1102416372860917,-40.0
748,6.893996191067105,29.299483812035195,2.95,12.43,1.7234990477667762,6.893996191067105,1160.43,0.0,-1.5433933972751408,4.610144515395161,-4.220779220779217,2.982601491300741,-1.5433933972751408,-12.483016353133456,1.567587438294304,0.0
752,23.223089261289275,75.96705470218356,7.71,30.64,7.970636568493353,31.685740432776043,10162.3,0.0007872233647894671,24.272493981814936,-0.7710754713467531,-0.7722007722007672,-6.299694189602453,-5.554409083433026,-11.410585965067858,2.0996009371747273,-99.80755352417609
756,17.61715111874782,69.99881377849134,8.03,28.19,5.4025930097493315,11.979662760748518,8514.43,0.00046979069649994185,10.079585524002704,3.3673841068659867,10.302197802197789,3.222262907359951,-17.75387088849058,-12.778679713503251,1.6903342927778984,0.0
760,7.862017455747703,17.89643447163622,3.57,8.05,1.6034377705801237,1.6551615696310955,19333.46,0.0,28.532124599278774,-5.4617110226386645,29.81818181818181,-4.3942992874109175,78.87055729837714,84.64057527574414,1.9468737229260273,0.0
762,3.9438526839560786,38.23346074168532,1.73,14.87,1.5337204882051416,1.9719263419780393,9128.13,0.0,14.704589001252177,37.85090069365362,10.897435897435892,35.799086757990864,-56.83160628985132,-47.861550453976285,4.616564206241141,0.0
764,12.920405242394676,26.431296905007606,5.38,11.23,0.02811840096277405,0.4498944154043848,71127.8,0.009700848332157046,-8.772843023402945,-5.602648567336958,-10.482529118136439,-5.391743892165112,-33.82143128284581,5.885709947446707,0.7375468508522796,7566.666666666667
768,7.456491372839482,12.924585046255102,3.37,5.73,2.2369474118518444,2.361222268065836,8046.68,0.0,2.012125320185295,0.019969337501537482,2.7439024390244,0.3502626970227752,-4.788683034493724,-4.788683034493735,5.029531348913702,0.0
780,56.48929029513993,72.43920755494415,25.44,31.55,13.291597716503512,28.57693509048255,1504.71,0.0,-1.1887989174310034,-1.4471288549017765,-1.1655011655011545,-0.9108040201004999,-15.088072726999544,-6.691226585558387,2.4079001994106233,0.0
784,65.31607180172797,97.48177550308145,14.95,23.8,66.95717913342969,98.13821843576214,9140.17,0.015973444695229957,4.16129999351238,8.244004214363633,5.6537102473498155,15.702479338842979,12.777205616599494,14.633850980264674,1.6222568615983954,0.0
788,16.84398946119346,27.57051011309775,7.87,12.59,0.16760188518600458,0.6704075407440183,11933.04,0.0002514028277790068,3.0540849879500347,0.68121341041343,2.60756192959583,1.2057877813504851,16.760188518600458,161.13870955487178,2.1168662130626728,-40.0
792,20.722310175306397,39.06566049948496,9.3,17.16,0.0724556299835888,0.8090878681500749,82809.3,0.0,5.194808083785651,6.103800679583372,4.611923509561306,5.925925925925932,7.2455629983588805,628.3534847199797,2.2092239636432867,0.0
795,9.068320728367521,62.98360942247987,3.73,25.39,5.11123531962533,6.760020906601243,6065.07,0.0,97.10364553210556,4.119180538700978,90.3061224489796,4.39967105263158,399.92651912234044,88.91232519830376,3.3485216134792744,0.0
800,1.589771889412577,9.94811803526355,0.72,4.2,0.0,0.02408745286988753,41515.39,0.00019269962295910022,-5.229295226884066,-6.890661336762655,-4.0000000000000036,-6.873614190687354,0.0,-6.665214996173706,7.14119071030212,0.0
804,24.5011187494305,48.61975906108293,11.02,21.28,2.9923313073225497,3.8247843777807025,44446.95,0.0004049771694120744,6.1326205343869304,0.8698459624338684,6.063522617901819,2.2585295530994833,57.831641329455344,86.38993275667126,-0.8623448902240054,0.0
807,19.399192804318922,39.27153665264562,8.9,17.09,19.399192804318922,36.90578143260673,2113.49,0.0,10.638315285604847,4.899742587864291,10.012360939431403,8.439086294416244,10.638315285604847,11.25511425583818,0.15590939247464525,0.0
818,16.473754725360145,30.412344153605183,7.41,13.62,0.4434129417007412,5.041412358901905,103740.77,0.0014844694135198726,31.716156708972633,13.657912411747727,31.85053380782918,12.74834437086092,-65.16099978184644,13.04549259843561,3.9653038667610487,15400.0
826,36.00620715701641,85.57495304667152,15.97,35.88,12.554003665949702,38.58022949140178,66432.99,0.0,2.7377110880201676,-0.8743709020848904,2.5690430314707795,-1.940420880021866,1.7574841344025725,-0.11858504322230184,1.1846586408997433,0.0
834,1.3943774569447227,10.311507366788753,0.63,4.45,0.017214536505490406,0.05164360951647121,58090.44,0.0,-30.406749048426217,-1.9292724708796616,-30.0,-2.838427947598251,-53.17491139678061,-29.762367095170912,6.780363885018509,0.0
840,56.13596000048654,123.87545927916429,25.69,50.6,0.38537961276815647,7.138555170885148,332140.04,0.0,1.7124907190387122,2.0707456519030076,2.106518282988876,3.9654818163139502,-6.5924887631177596,-1.1088880111615749,1.5066278496208148,0.0
854,2.108595616474899,12.112165517890698,0.94,5.25,0.0,0.0,20392.72,0.0,-11.642967814430614,-5.478523708460663,-12.962962962962973,-5.405405405405403,0.0,0.0,5.796062358953081,0.0
858,9.921098090480415,58.359400532237736,4.39,23.64,1.750782015967132,25.094542228862224,3427.04,0.0,-5.9212582546129875,2.6935931726480464,-5.793991416309022,2.515177797051179,19.535342452962315,50.29297442916314,0.3887198024471474,0.0
860,2.3420950286567654,37.62760565776198,1.05,15.95,0.21571927895522838,0.30817039850746913,32449.58,9.245111955224073e-05,9.951154255907253,2.558310638203556,12.903225806451612,2.8368794326241105,-47.80658770645698,-35.37958477942292,3.166571182040327,0.0
862,15.121212781615824,36.14338664874026,6.82,15.24,0.1005845639575332,1.9781630911648196,29825.65,0.00083820469964611,-29.56846092764673,-18.120819828534792,-29.618163054695557,-18.415417558886507,-95.70539395900285,-61.99273653717522,-2.979071260766397,0.0
882,95.37434430138293,133.5240820219361,35.9,49.5,85.83690987124463,104.91177873152122,209.7,0.0,-1.9837863614687528,-1.9837863614687594,-3.2605766639719778,-4.661016949152545,-11.785407725321889,-10.151804164679696,2.02393694657974,0.0
887,9.061233477457828,14.93966809903441,4.09,6.77,3.150321316535517,3.150321316535517,30790.51,0.0,3.616620632461102,-1.0534289748567163,3.807106598984769,-0.8784773060029356,7.235472349140369,6.002880712943355,5.180398988863832,0.0
894,3.3079369742692966,19.67942166048344,1.5,8.55,0.6167340121519027,0.6167340121519027,17835.89,0.0002242669135097828,-4.367770207459081,5.089114440059809,-4.458598726114653,4.268292682926847,3.4124789960018735,-13.822934169998447,6.370141271105986,0.0
